Suburb,Postcode,House Median Price,House Rent (PW),Unit Median Price,Unit Rent (PW),House Price 2018,House Price 2017,House Price Change (1 yr),Unit Price 2018,Unit Price 2017,Unit Price Change (1 yr)
Abbotsbury,2176,1048750,540 ,no data,no data,1068750,976000,9.5,0,0,0.0
Abbotsford,2046,2810000,820 ,1115000,600 ,2900000,2152000,34.76,1100000,1162000,-5.34
Aberdare,2325,366000,305 ,280000,280 ,360000,333500,7.95,277500,261250,6.22
Acacia Gardens,2763,820000,560 ,no data,no data,815000,875000,-6.86,705250,700000,0.75
Adamstown,2289,701000,460 ,485000,350 ,715000,710500,0.63,485000,447500,8.38
Adamstown Heights,2289,742500,480 ,no data,345 ,747500,715000,4.55,370000,0,0.0
Airds,2560,465500,420 ,no data,no data,530000,640000,-17.19,0,0,0.0
Alexandria,2015,1400000,825 ,755000,600 ,1415000,1647500,-14.11,753000,755000,-0.26
Alfords Point,2234,1190000,815 ,no data,no data,1200000,1287500,-6.8,0,0,0.0
Allambie Heights,2100,1605000,825 ,no data,593 ,1600000,1663000,-3.79,950000,1060000,-10.38
Allawah,2218,1251100,520 ,640000,470 ,1251100,1375500,-9.04,655000,685000,-4.38
Ambarvale,2560,556000,398 ,367500,310 ,562000,585000,-3.93,377000,392500,-3.95
Annandale,2038,1590000,795 ,705000,480 ,1595000,1745000,-8.6,705000,665000,6.02
Annangrove,2156,2168500,400 ,no data,no data,2168500,2750000,-21.15,0,0,0.0
Appin,2560,792500,500 ,no data,350 ,796500,765000,4.12,0,445000,-100.0
Arcadia,2159,no data,no data,no data,no data,1808250,2025000,-10.7,0,0,0.0
Arcadia Vale,2283,559500,388 ,no data,no data,515000,469000,9.81,0,0,0.0
Argenton,2284,416500,373 ,no data,no data,421500,427000,-1.29,354000,410500,-13.76
Arncliffe,2205,1170000,650 ,660000,580 ,1180000,1338888,-11.87,660000,738000,-10.57
Artarmon,2064,2430000,940 ,910000,550 ,2675000,2700000,-0.93,920000,960000,-4.17
Ashbury,2193,1572000,655 ,no data,no data,1572000,1717500,-8.47,0,0,0.0
Ashcroft,2168,617500,399 ,no data,no data,630000,639000,-1.41,0,0,0.0
Ashfield,2131,1425000,680 ,675000,490 ,1456000,1480000,-1.62,680000,706000,-3.68
Asquith,2077,736500,560 ,695000,500 ,745750,1130000,-34.0,685000,675000,1.48
Auburn,2144,822500,480 ,515000,450 ,800000,903500,-11.46,515000,550000,-6.36
Austinmer,2515,1230000,715 ,no data,560 ,1230000,1185000,3.8,822500,725000,13.45
Avoca Beach,2251,970000,550 ,835000,450 ,960000,945000,1.59,811250,915000,-11.34
Balgowlah,2093,2165000,"1,050 ",1093000,595 ,2127500,2126500,0.05,1089000,1322500,-17.66
Balgownie,2519,807500,530 ,705000,450 ,831250,945000,-12.04,705000,680000,3.68
Balmain,2041,1877500,850 ,1090000,690 ,1885000,2055000,-8.27,1070000,1242500,-13.88
Bangor,2234,1090000,725 ,610000,530 ,1100000,1163500,-5.46,610000,756000,-19.31
Banksia,2216,1050000,610 ,no data,470 ,1048750,1213500,-13.58,645000,614000,5.05
Banksmeadow,2019,no data,no data,no data,no data,0,0,0.0,0,0,0.0
Bankstown,2200,895000,500 ,500000,425 ,895000,980000,-8.67,500000,520000,-3.85
Bar Beach,2300,1150000,no data,no data,420 ,1150000,1772500,-35.12,805000,576500,39.64
Barden Ridge,2234,1250000,700 ,no data,670 ,1250000,1327500,-5.84,811000,840000,-3.45
Bardwell Park,2207,1175000,673 ,no data,410 ,1200000,1425000,-15.79,835000,750500,11.26
Bardwell Valley,2207,1137500,593 ,805000,no data,1150000,1267500,-9.27,810000,862500,-6.09
Bargo,2574,670000,450 ,no data,no data,677500,700000,-3.21,365766,369000,-0.88
Barrack Heights,2528,587500,450 ,no data,330 ,595000,599500,-0.75,412000,368000,11.96
Bass Hill,2197,825000,550 ,680000,450 ,835000,881000,-5.22,690000,750000,-8.0
Bateau Bay,2261,682500,460 ,499000,400 ,683750,700000,-2.32,500000,478000,4.6
Baulkham Hills,2153,1115000,560 ,785000,520 ,1125000,1220000,-7.79,775000,841000,-7.85
Bayview,2104,1875000,943 ,no data,460 ,1905000,2250000,-15.33,454500,2500000,-81.82
Beacon Hill,2100,1432250,850 ,no data,550 ,1480000,1570750,-5.78,0,832000,-100.0
Beaconsfield,2015,1255000,800 ,692500,700 ,1252500,1580000,-20.73,700000,595000,17.65
Beaumont Hills,2155,1148000,660 ,no data,no data,1162500,1220000,-4.71,0,0,0.0
Beecroft,2119,1675000,750 ,1087500,500 ,1675000,1815000,-7.71,1087500,1100000,-1.14
Belfield,2191,1161000,600 ,704000,520 ,1185000,1450000,-18.28,718000,710000,1.13
Bella Vista,2153,1517000,750 ,no data,605 ,1525000,1736000,-12.15,938500,1200000,-21.79
Bellambi,2518,745000,460 ,492500,340 ,745500,775000,-3.81,466500,477500,-2.3
Bellbird,2325,351000,350 ,no data,no data,363500,341500,6.44,0,0,0.0
Bellevue Hill,2023,5537500,"2,398 ",1100000,695 ,5750000,5450000,5.5,1165000,1200000,-2.92
Belmont,2280,595000,415 ,502000,350 ,622500,623750,-0.2,512500,462500,10.81
Belmore,2192,1050000,600 ,519000,400 ,970000,1160000,-16.38,530000,524000,1.15
Belrose,2085,1495000,"1,000 ",707500,565 ,1525000,1625000,-6.15,765000,755000,1.32
Bensville,2251,891250,520 ,no data,no data,890000,730000,21.92,0,0,0.0
Berala,2141,850000,500 ,490000,390 ,860000,996000,-13.65,490000,475000,3.16
Berkeley,2506,520000,440 ,no data,330 ,528000,520000,1.54,504500,490000,2.96
Berkeley Vale,2261,575000,430 ,301500,303 ,580000,583000,-0.51,306500,370000,-17.16
Berkshire Park,2765,no data,565 ,no data,no data,0,0,0.0,0,0,0.0
Berowra,2081,1125000,630 ,no data,no data,1130000,1155000,-2.16,852500,0,0.0
Berowra Heights,2082,932500,580 ,no data,no data,1000000,1150000,-13.04,770000,815806,-5.61
Berowra Waters,2082,no data,no data,no data,no data,0,0,0.0,0,0,0.0
Berrilee,2159,no data,no data,no data,no data,0,0,0.0,0,0,0.0
Berry,2535,1410000,543 ,no data,470 ,1400000,1200000,16.67,575000,609000,-5.58
Beverley Park,2217,1300000,640 ,no data,560 ,1325000,1617000,-18.06,0,1432500,-100.0
Beverly Hills,2209,1150000,595 ,647000,460 ,1165000,1321500,-11.84,650000,730000,-10.96
Bexley,2207,1100000,590 ,670000,450 ,1115500,1345000,-17.06,685000,652000,5.06
Bexley North,2207,1265000,600 ,no data,460 ,1247500,1357000,-8.07,750000,681000,10.13
Bidwill,2770,539000,350 ,no data,no data,510000,550000,-7.27,402500,0,0.0
Bilpin,2758,no data,no data,no data,no data,898000,940000,-4.47,0,0,0.0
Birchgrove,2041,1925000,950 ,990000,550 ,1900000,2062000,-7.86,990000,1450000,-31.72
Birrong,2143,840000,510 ,no data,no data,861000,900000,-4.33,0,671250,-100.0
Blackalls Park,2283,450000,360 ,no data,no data,450000,449500,0.11,459500,397000,15.74
Blackett,2770,498000,330 ,no data,313 ,510000,545000,-6.42,0,0,0.0
Blackheath,2785,580000,410 ,no data,no data,570000,600000,-5.0,0,0,0.0
Blacksmiths,2281,790000,428 ,no data,no data,751500,642000,17.06,356000,460000,-22.61
Blacktown,2148,692000,415 ,482500,400 ,699995,733000,-4.5,485000,510000,-4.9
Blackwall,2256,700000,410 ,520000,350 ,700000,720000,-2.78,520000,570000,-8.77
Blair Athol,2560,722500,480 ,no data,no data,685000,725000,-5.52,0,0,0.0
Blairmount,2559,no data,365 ,no data,no data,0,0,0.0,0,0,0.0
Blakehurst,2221,1900000,670 ,882500,420 ,1910000,1700000,12.35,882500,850000,3.82
Blaxland,2774,760500,480 ,no data,390 ,760000,749000,1.47,550000,630000,-12.7
Blaxlands Ridge,2758,no data,no data,no data,no data,1222500,1160000,5.39,0,0,0.0
Bligh Park,2756,670000,430 ,no data,no data,670000,670000,0.0,530000,522000,1.53
Blue Bay,2261,no data,460 ,545000,350 ,1337500,1014000,31.9,572750,610000,-6.11
Blue Haven,2262,502250,420 ,no data,365 ,500000,515000,-2.91,0,0,0.0
Bolton Point,2283,600000,408 ,no data,no data,595000,497500,19.6,0,0,0.0
Bondi,2026,2300000,"1,200 ",1125000,700 ,2550000,2520000,1.19,1135000,1110000,2.25
Bondi Beach,2026,2625000,"1,298 ",1170000,750 ,2625000,2503000,4.87,1159000,1272500,-8.92
Bondi Junction,2022,2100000,"1,000 ",1035000,700 ,2057500,2180000,-5.62,1227500,1065000,15.26
Bonnells Bay,2264,572750,420 ,no data,no data,530000,545000,-2.75,0,0,0.0
Bonnet Bay,2226,1102500,850 ,no data,no data,1132500,1130000,0.22,0,0,0.0
Bonnyrigg,2177,700000,440 ,no data,420 ,715000,780000,-8.33,550000,525000,4.76
Bonnyrigg Heights,2177,730000,450 ,no data,400 ,756500,860000,-12.03,0,645000,-100.0
Booker Bay,2257,705000,425 ,552500,355 ,792500,730000,8.56,550000,668000,-17.66
Bossley Park,2176,810000,480 ,no data,395 ,810000,842000,-3.8,450000,670000,-32.84
Botany,2019,1517500,850 ,832500,600 ,1492500,1465000,1.88,835000,859500,-2.85
Bow Bowing,2566,633000,455 ,no data,no data,641500,655000,-2.06,0,0,0.0
Bowen Mountain,2753,640000,420 ,no data,no data,640000,640000,0.0,0,0,0.0
Bowral,2576,982500,550 ,745000,388 ,1000000,928000,7.76,745000,695000,7.19
Box Hill,2765,1025000,560 ,no data,no data,1040000,4815000,-78.4,0,0,0.0
Bradbury,2560,570000,400 ,464000,325 ,576750,610000,-5.45,448000,433500,3.34
Brightwaters,2264,675000,400 ,no data,no data,665000,770000,-13.64,0,0,0.0
Broadmeadow,2292,605000,398 ,no data,380 ,612500,650000,-5.77,585000,497500,17.59
Bronte,2024,3275000,"1,525 ",1007500,700 ,3325000,3655000,-9.03,1015000,1360000,-25.37
Brooklyn,2083,1040000,no data,no data,no data,1050000,800000,31.25,825000,468750,76.0
Brookvale,2100,1140040,750 ,805000,550 ,1140044,1400000,-18.57,820000,843250,-2.76
Budgewoi,2262,512500,350 ,no data,290 ,512500,487500,5.13,357500,354000,0.99
Buff Point,2262,500500,393 ,no data,no data,508500,540000,-5.83,263750,0,0.0
Bulli,2516,960000,568 ,no data,420 ,1010000,1156000,-12.63,665000,680000,-2.21
Bundeena,2230,971000,665 ,no data,no data,952500,930000,2.42,0,0,0.0
Burradoo,2576,1575000,820 ,no data,no data,1595000,1600000,-0.31,1247500,1450000,-13.97
Burwood,2134,1510000,650 ,819000,570 ,1525000,1942500,-21.49,823000,850000,-3.18
Burwood Heights,2136,no data,630 ,no data,550 ,2300000,2385000,-3.56,277875,728500,-61.86
Busby,2168,630000,380 ,no data,no data,630000,649500,-3.0,0,0,0.0
Buttaba,2283,635000,393 ,no data,no data,630000,545000,15.6,0,0,0.0
Cabramatta,2166,901000,400 ,425000,330 ,830000,890000,-6.74,430000,440000,-2.27
Calga,2250,no data,no data,no data,no data,0,0,0.0,0,0,0.0
Cambridge Park,2747,630000,400 ,521000,390 ,625250,641000,-2.46,521000,535000,-2.62
Camden,2570,690000,450 ,no data,395 ,692500,772500,-10.36,495000,413750,19.64
Camden Park,2570,972000,625 ,no data,no data,1010000,937500,7.73,0,0,0.0
Cammeray,2062,2260000,800 ,1080000,550 ,2167500,2297500,-5.66,1105000,1227500,-9.98
Campbelltown,2560,602500,400 ,451000,400 ,605000,650000,-6.92,460000,470000,-2.13
Camperdown,2050,1512500,775 ,805000,600 ,1490000,1310500,13.7,827500,832500,-0.6
Campsie,2194,1200000,580 ,594000,450 ,1140000,1295000,-11.97,592750,619000,-4.24
Canada Bay,2046,no data,750 ,no data,560 ,1750000,1625000,7.69,862500,1120000,-22.99
Canley Heights,2166,810000,460 ,no data,380 ,810000,830000,-2.41,710000,640000,10.94
Canley Vale,2166,850000,423 ,421000,340 ,855000,831000,2.89,421000,412600,2.04
Canterbury,2193,1127500,600 ,700000,500 ,1150000,1350000,-14.81,705000,707000,-0.28
Cardiff,2285,499975,390 ,450000,350 ,500000,476875,4.85,449000,438000,2.51
Caringbah,2229,1237500,700 ,685000,490 ,1250000,1400000,-10.71,690000,696750,-0.97
Carlingford,2118,1350000,600 ,685000,500 ,1350000,1415000,-4.59,685000,720000,-4.86
Carlton,2218,1237500,600 ,643000,480 ,1250000,1325000,-5.66,644000,678000,-5.01
Carramar,2163,730000,395 ,298000,300 ,730000,767500,-4.89,305000,375000,-18.67
Carss Park,2221,1478400,705 ,no data,no data,1478400,1589000,-6.96,870000,0,0.0
Cartwright,2168,641000,420 ,no data,400 ,660000,660000,0.0,0,0,0.0
Castle Cove,2069,2681100,"1,223 ",no data,no data,2681100,2534000,5.81,0,0,0.0
Castle Hill,2154,1400000,630 ,850000,510 ,1395000,1620000,-13.89,857500,890000,-3.65
Castlecrag,2068,2725000,"1,200 ",no data,no data,2750000,3067500,-10.35,0,0,0.0
Castlereagh,2749,no data,588 ,no data,no data,2250000,1400000,60.71,0,0,0.0
Casula,2170,750500,473 ,565000,430 ,767000,830000,-7.59,581250,600000,-3.12
Cattai,2756,no data,650 ,no data,no data,1625000,1600000,1.56,0,0,0.0
Caves Beach,2281,838500,495 ,no data,480 ,845500,790000,7.03,635000,527000,20.49
Cawdor,2570,no data,no data,no data,no data,0,0,0.0,0,0,0.0
Cecil Hills,2171,910000,495 ,no data,no data,920000,840000,9.52,501500,612500,-18.12
Centennial Park,2021,no data,no data,755000,540 ,3850000,5487500,-29.84,719000,787000,-8.64
Cessnock,2325,365000,350 ,312000,285 ,370000,336000,10.12,298000,295000,1.02
Charlestown,2290,617250,425 ,447000,380 ,619250,621000,-0.28,450000,440500,2.16
Charmhaven,2263,475000,370 ,no data,no data,473750,460000,2.99,0,0,0.0
Chatswood,2067,2220000,950 ,1042000,620 ,2220000,2425000,-8.45,1038000,1000000,3.8
Chatswood West,2067,1860000,no data,no data,no data,1850000,1769000,4.58,0,0,0.0
Cheltenham,2119,1978750,875 ,no data,no data,1960000,1930000,1.55,1175000,1222500,-3.89
Cherrybrook,2126,1477500,700 ,940000,520 ,1477500,1550000,-4.68,940000,1055000,-10.9
Chester Hill,2162,810750,510 ,452000,398 ,820000,850000,-3.53,463250,623750,-25.73
Chifley,2036,1590000,"1,150 ",no data,no data,1615000,1836500,-12.06,898500,0,0.0
Chippendale,2008,no data,850 ,750000,620 ,1317000,1675000,-21.37,750000,845000,-11.24
Chipping Norton,2170,920000,560 ,537500,410 ,920000,950000,-3.16,537500,552500,-2.71
Chiswick,2046,2650000,"1,100 ",901250,605 ,2300000,2160500,6.46,915000,947500,-3.43
Chittaway Bay,2261,615000,458 ,no data,no data,612500,622500,-1.61,0,317500,-100.0
Chittaway Point,2261,715000,450 ,no data,no data,717500,882500,-18.7,0,0,0.0
Chullora,2190,no data,no data,no data,no data,0,0,0.0,0,0,0.0
Church Point,2105,2315000,"1,150 ",no data,no data,2315000,2030000,14.04,0,0,0.0
Clemton Park,2206,no data,630 ,no data,525 ,1100000,1360000,-19.12,0,0,0.0
Clifton,2515,no data,no data,no data,no data,0,0,0.0,0,0,0.0
Clontarf,2093,3350000,"1,573 ",no data,no data,3317500,3290000,0.84,0,0,0.0
Clovelly,2031,3130000,"1,325 ",1365000,718 ,3187500,3250000,-1.92,1365000,1400000,-2.5
Clyde,2142,no data,no data,no data,no data,0,0,0.0,0,0,0.0
Coal Point,2283,762500,490 ,no data,no data,770000,750000,2.67,0,0,0.0
Coalcliff,2508,no data,no data,no data,no data,0,0,0.0,0,0,0.0
Cobbitty,2570,756000,520 ,no data,no data,758500,796000,-4.71,0,0,0.0
Coledale,2515,1450000,650 ,no data,no data,1475000,1500000,-1.67,0,2140000,-100.0
Collaroy,2097,2842500,"1,000 ",855000,550 ,2885000,2335000,23.55,860000,889000,-3.26
Collaroy Plateau,2097,1751000,900 ,no data,450 ,1770000,1700000,4.12,972500,965500,0.73
Colo Vale,2575,640000,450 ,no data,no data,680000,617500,10.12,0,0,0.0
Colyton,2760,614000,390 ,no data,350 ,615000,640000,-3.91,455000,497500,-8.54
Como,2226,1216000,670 ,no data,540 ,1301000,1300000,0.08,750000,855000,-12.28
Concord,2137,1950000,700 ,820000,485 ,2025000,2041000,-0.78,805000,800000,0.62
Concord West,2138,1800000,660 ,no data,400 ,1798000,2000000,-10.1,730000,733000,-0.41
Condell Park,2200,885500,580 ,670000,500 ,895000,950000,-5.79,687000,710000,-3.24
Coniston,2500,720000,480 ,462250,340 ,720000,686000,4.96,495000,460250,7.55
Connells Point,2221,1770000,650 ,no data,no data,1705000,1835250,-7.1,920000,994000,-7.44
Coogee,2034,2550000,"1,200 ",1025000,680 ,2615000,3100000,-15.65,1035000,1150000,-10.0
Cooks Hill,2300,1145000,510 ,596500,430 ,1140000,1100000,3.64,585000,582000,0.52
Cooranbong,2265,545000,400 ,no data,260 ,539000,550000,-2.0,360000,0,0.0
Copacabana,2251,880000,525 ,no data,350 ,877500,955000,-8.12,565000,640000,-11.72
Cordeaux Heights,2526,820000,583 ,no data,no data,820000,855000,-4.09,0,552500,-100.0
Corrimal,2518,870000,470 ,497500,360 ,866000,800000,8.25,490000,543000,-9.76
Cowan,2081,no data,no data,no data,no data,870000,775250,12.22,0,0,0.0
Cranebrook,2749,625000,450 ,no data,450 ,645000,669250,-3.62,525000,509000,3.14
Cremorne,2090,2899000,"1,050 ",1150000,595 ,2899000,2700000,7.37,1127500,1166250,-3.32
Cringila,2502,460000,380 ,no data,250 ,465000,482500,-3.63,0,0,0.0
Cromer,2099,1430000,795 ,875000,500 ,1440000,1623500,-11.3,810000,776500,4.31
Cronulla,2230,2250000,850 ,910000,480 ,2250000,2289000,-1.7,901000,835000,7.9
Crows Nest,2065,1930000,900 ,875000,540 ,1905000,2050000,-7.07,875000,841500,3.98
Croydon,2132,1347500,680 ,750000,450 ,1350000,1493000,-9.58,750000,770000,-2.6
Croydon Park,2133,1320000,620 ,600500,400 ,1320000,1505000,-12.29,602000,630000,-4.44
Curl Curl,2096,2355000,"1,300 ",no data,740 ,2360000,2620000,-9.92,1200000,1250000,-4.0
Currans Hill,2567,652500,440 ,no data,390 ,655000,650000,0.77,0,472500,-100.0
Daceyville,2032,no data,no data,no data,no data,0,0,0.0,0,0,0.0
Daleys Point,2257,no data,no data,no data,no data,1200000,775000,54.84,0,0,0.0
Dangar Island,2083,no data,no data,no data,no data,720000,765000,-5.88,0,0,0.0
Dapto,2530,567250,450 ,no data,355 ,567102,560000,1.27,485000,505000,-3.96
Darling Point,2027,no data,"3,500 ",2337500,825 ,6025000,5400000,11.57,2350000,2225500,5.59
Darlinghurst,2010,1800000,960 ,965000,600 ,1825000,2090000,-12.68,950000,935000,1.6
Darlington,2008,1430500,800 ,no data,578 ,1411000,1615000,-12.63,1377500,757000,81.97
Davidson,2085,1680000,"1,043 ",no data,no data,1680000,1630000,3.07,0,1455000,-100.0
Davistown,2251,820000,440 ,no data,315 ,809000,760000,6.45,450000,418000,7.66
Dawes Point,2000,no data,no data,no data,no data,4500500,1675000,168.69,5425000,3250000,66.92
Dean Park,2761,592500,400 ,no data,320 ,617000,650000,-5.08,524000,0,0.0
Dee Why,2099,1500000,850 ,740000,545 ,1545000,1820000,-15.11,741250,805000,-7.92
Denham Court,2565,780000,550 ,no data,450 ,780000,767495,1.63,0,0,0.0
Denistone,2114,1620000,650 ,970000,560 ,1675000,1850000,-9.46,970000,1055000,-8.06
Denistone East,2112,1500000,695 ,no data,no data,1500000,1795000,-16.43,1055000,1150000,-8.26
Denistone West,2114,no data,660 ,no data,no data,1380000,1600000,-13.75,0,0,0.0
Dharruk,2770,551000,350 ,no data,no data,558000,575000,-2.96,0,0,0.0
Dolans Bay,2229,no data,no data,no data,no data,2132500,1892500,12.68,0,1357500,-100.0
Doonside,2767,649995,400 ,571000,380 ,650000,675000,-3.7,571000,560000,1.96
Dora Creek,2264,609000,410 ,no data,no data,654500,630000,3.89,442500,0,0.0
Double Bay,2028,4462000,"1,425 ",1270000,750 ,4500000,3900000,15.38,1335000,1835500,-27.27
Douglas Park,2569,880970,no data,no data,no data,880970,932000,-5.48,0,437500,-100.0
Dover Heights,2030,4025000,"1,325 ",1050000,750 ,3880000,4257500,-8.87,1145000,1332500,-14.07
Drummoyne,2047,1850000,880 ,1000000,600 ,1890000,2155000,-12.3,1000000,1100000,-9.09
Dudley,2290,815000,465 ,no data,450 ,813000,712500,14.11,685000,581000,17.9
Duffys Forest,2084,no data,no data,no data,no data,8135000,5275000,54.22,0,0,0.0
Dulwich Hill,2203,1450000,700 ,740000,480 ,1495000,1500000,-0.33,750000,750000,0.0
Dundas,2117,1175000,450 ,612000,450 ,1181944,1260000,-6.19,624250,676500,-7.72
Dural,2158,1360000,650 ,740000,418 ,1360000,1650000,-17.58,755000,765000,-1.31
Dural,2330,no data,no data,no data,no data,0,0,0.0,0,0,0.0
Eagle Vale,2558,562000,420 ,no data,400 ,589500,597500,-1.34,545000,522500,4.31
Earlwood,2206,1320000,688 ,730000,500 ,1330000,1450000,-8.28,730000,790000,-7.59
East Gosford,2250,747350,450 ,565000,430 ,747350,735000,1.68,575000,600000,-4.17
East Hills,2213,942500,550 ,no data,no data,942500,1030000,-8.5,766000,841000,-8.92
East Lindfield,2070,2573000,"1,100 ",no data,no data,2499000,2620000,-4.62,0,0,0.0
East Ryde,2113,1605500,855 ,no data,no data,1630000,1815000,-10.19,1460000,0,0.0
Eastern Creek,2766,650000,410 ,no data,no data,662500,712500,-7.02,0,0,0.0
Eastgardens,2036,1435000,800 ,no data,no data,1500000,1390000,7.91,1080000,1452360,-25.64
Eastlakes,2018,1375000,725 ,615500,475 ,1405000,1730500,-18.81,620000,635500,-2.44
Eastwood,2122,1627500,670 ,670000,450 ,1622500,1800000,-9.86,677500,705000,-3.9
Ebenezer,2756,no data,450 ,no data,no data,962500,1432500,-32.81,0,0,0.0
Edensor Park,2176,807500,470 ,no data,385 ,837500,835000,0.3,610000,645275,-5.47
Edgecliff,2027,1738750,950 ,1460000,575 ,1842500,1730000,6.5,1340000,1066275,25.67
Edgeworth,2285,461100,400 ,no data,no data,461000,436000,5.73,320000,387500,-17.42
Elanora Heights,2101,1510250,950 ,no data,565 ,1530000,1682500,-9.06,955000,1030000,-7.28
Elderslie,2335,no data,no data,no data,no data,0,0,0.0,0,0,0.0
Elderslie,2570,727500,500 ,no data,335 ,733750,721000,1.77,363500,560000,-35.09
Eleebana,2282,830000,488 ,no data,no data,813000,770000,5.58,595000,512250,16.15
Elermore Vale,2287,600000,415 ,390000,350 ,600000,555000,8.11,390000,420000,-7.14
Elizabeth Bay,2011,no data,no data,1100000,518 ,0,0,0.0,1090000,957500,13.84
Ellalong,2325,528500,395 ,no data,no data,440000,470000,-6.38,0,0,0.0
Ellis Lane,2570,1360000,no data,no data,no data,1385000,1350000,2.59,0,0,0.0
Elvina Bay,2105,no data,no data,no data,no data,0,0,0.0,0,0,0.0
Emerton,2770,500000,340 ,no data,no data,500000,550000,-9.09,0,419000,-100.0
Empire Bay,2257,805000,495 ,no data,no data,807500,700000,15.36,565000,537500,5.12
Emu Plains,2750,666500,470 ,551000,420 ,683500,729250,-6.27,560000,585000,-4.27
Enfield,2136,1428000,595 ,642500,450 ,1428000,1306000,9.34,642500,708750,-9.35
Engadine,2233,895000,650 ,660000,450 ,910313,1060000,-14.12,660000,695000,-5.04
Englorie Park,2560,no data,420 ,no data,no data,0,0,0.0,0,0,0.0
Enmore,2042,1410000,810 ,740000,445 ,1380000,1450000,-4.83,740000,800000,-7.5
Enmore,2350,no data,no data,no data,no data,0,0,0.0,0,0,0.0
Epping,2121,1550000,660 ,810000,530 ,1577500,1751000,-9.91,818000,831500,-1.62
Erina,2250,860000,500 ,501500,385 ,860000,855000,0.58,515000,497250,3.57
Erina Heights,2260,no data,no data,no data,no data,644950,721000,-10.55,0,0,0.0
Ermington,2115,1250000,510 ,801500,500 ,1257000,1350000,-6.89,856750,802500,6.76
Erskine Park,2759,750000,450 ,no data,no data,755800,767500,-1.52,0,0,0.0
Erskineville,2043,1315000,750 ,765000,670 ,1315000,1430000,-8.04,817500,855000,-4.39
Eschol Park,2558,595000,410 ,no data,no data,595000,610000,-2.46,0,462750,-100.0
Ettalong Beach,2257,840000,390 ,620000,360 ,840000,733750,14.48,635000,570000,11.4
Eveleigh,2015,no data,no data,no data,no data,0,0,0.0,775000,840000,-7.74
Fairfield,2165,723500,445 ,422500,350 ,740000,800000,-7.5,425000,415000,2.41
Fairfield East,2165,750000,450 ,no data,no data,755000,770000,-1.95,0,0,0.0
Fairfield Heights,2165,785000,500 ,no data,500 ,792500,755000,4.97,550000,590000,-6.78
Fairfield West,2165,727500,450 ,no data,400 ,730000,761000,-4.07,525000,560000,-6.25
Fairlight,2094,2230000,"1,200 ",1140000,670 ,2310000,2300000,0.43,1140000,1300000,-12.31
Fairy Meadow,2519,775000,500 ,510000,400 ,800000,850000,-5.88,496250,504000,-1.54
Farmborough Heights,2526,660000,495 ,no data,300 ,662500,683500,-3.07,0,0,0.0
Faulconbridge,2776,651000,460 ,no data,no data,662000,690000,-4.06,0,0,0.0
Fennell Bay,2283,480000,410 ,no data,no data,481250,473750,1.58,341500,0,0.0
Figtree,2525,740000,500 ,370000,350 ,740000,740000,0.0,373500,610000,-38.77
Five Dock,2046,1677500,750 ,889000,600 ,1645000,1780000,-7.58,905000,907500,-0.28
Floraville,2280,595000,420 ,no data,no data,622500,700000,-11.07,438750,385000,13.96
Forestville,2087,1450000,795 ,937500,560 ,1461000,1701000,-14.11,1000000,900000,11.11
Forresters Beach,2260,865000,490 ,no data,330 ,850000,876000,-2.97,572500,0,0.0
Freemans Reach,2756,945000,480 ,no data,no data,945000,750000,26.0,0,0,0.0
Frenchs Forest,2086,1442000,850 ,no data,525 ,1450000,1650000,-12.12,1295000,1357000,-4.57
Galston,2159,1360000,555 ,no data,no data,1360000,1475000,-7.8,640000,665000,-3.76
Garden Suburb,2289,680000,563 ,no data,no data,685000,750000,-8.67,647500,0,0.0
Gateshead,2290,461000,360 ,no data,no data,465000,428500,8.52,0,0,0.0
Georges Hall,2198,872500,570 ,625000,470 ,877500,923000,-4.93,625000,660000,-5.3
Gerringong,2534,882000,545 ,no data,450 ,905000,855000,5.85,0,686125,-100.0
Gerroa,2534,1450000,560 ,no data,440 ,1400000,1300000,7.69,0,820000,-100.0
Girraween,2145,799990,500 ,680000,450 ,800495,945000,-15.29,681000,699995,-2.71
Gladesville,2111,1819000,710 ,770000,475 ,1850000,2055000,-9.98,772500,745000,3.69
Glebe,2037,1550000,950 ,872500,565 ,1575000,1961000,-19.68,865000,1050000,-17.62
Glen Alpine,2560,860000,555 ,no data,no data,860000,870000,-1.15,0,0,0.0
Glenbrook,2773,874000,510 ,no data,no data,927500,950000,-2.37,586500,755000,-22.32
Glendale,2285,490000,400 ,no data,300 ,490000,450000,8.89,430000,380250,13.08
Glendenning,2761,655000,440 ,no data,no data,655000,682500,-4.03,588250,0,0.0
Glenfield,2167,705000,480 ,480500,380 ,710000,750888,-5.45,484500,517500,-6.38
Glenhaven,2156,1560000,698 ,no data,no data,1660000,1687500,-1.63,900000,931000,-3.33
Glenmore Park,2745,735000,515 ,584000,410 ,760000,755000,0.66,561000,579000,-3.11
Glenning Valley,2261,750000,480 ,no data,no data,735000,645000,13.95,462500,0,0.0
Glenorie,2157,1650000,555 ,no data,no data,1700000,1865000,-8.85,0,0,0.0
Glenwood,2768,969444,590 ,no data,no data,970000,1020000,-4.9,865000,845000,2.37
Glossodia,2756,668000,450 ,no data,no data,666975,632000,5.53,0,0,0.0
Gordon,2072,2210000,"1,040 ",938000,595 ,2300000,2609444,-11.86,938000,910000,3.08
Gorokan,2263,473000,370 ,355000,310 ,480000,482500,-0.52,377500,360000,4.86
Gosford,2250,no data,380 ,432500,380 ,755500,990000,-23.69,435750,456000,-4.44
Granville,2142,755000,490 ,460000,420 ,760000,844000,-9.95,460000,520000,-11.54
Grasmere,2570,1560000,no data,no data,no data,1600000,1685000,-5.04,0,0,0.0
Grays Point,2232,1300000,755 ,no data,no data,1300000,1300000,0.0,0,0,0.0
Green Valley,2168,735000,405 ,no data,430 ,730000,727500,0.34,453750,615000,-26.22
Greenacre,2190,910000,560 ,617500,470 ,930000,965000,-3.63,615000,690000,-10.87
Greendale,2745,no data,no data,no data,no data,0,0,0.0,0,0,0.0
Greenfield Park,2176,820000,475 ,no data,no data,824500,825000,-0.06,570000,565000,0.88
Greenwich,2065,2808050,"1,000 ",780000,550 ,2700550,2551000,5.86,780000,780000,0.0
Greystanes,2145,825000,520 ,678499,365 ,835000,880000,-5.11,698574,672000,3.95
Grose Vale,2753,no data,no data,no data,no data,1496250,1500000,-0.25,0,0,0.0
Grose Wold,2753,no data,no data,no data,no data,1730000,1100000,57.27,0,0,0.0
Guildford,2161,835000,500 ,465000,400 ,830000,855500,-2.98,469800,485000,-3.13
Guildford West,2161,800000,520 ,no data,no data,800000,800000,0.0,589337,641000,-8.06
Gwandalan,2259,510000,393 ,no data,no data,509000,515000,-1.17,0,373750,-100.0
Gwynneville,2500,780000,530 ,no data,350 ,800000,760000,5.26,522500,448500,16.5
Gymea,2227,1150000,650 ,752500,500 ,1172500,1300000,-9.81,750000,795000,-5.66
Haberfield,2045,1730000,840 ,no data,445 ,1855000,2190000,-15.3,760000,740000,2.7
Hamilton,2303,772500,470 ,660000,350 ,780000,740000,5.41,640000,450000,42.22
Hamilton South,2303,1050000,620 ,no data,450 ,1138000,998000,14.03,553000,575000,-3.83
Hammondville,2170,742500,500 ,no data,450 ,755000,805000,-6.21,595000,545000,9.17
Hardys Bay,2257,no data,no data,no data,no data,1210000,1225000,-1.22,0,0,0.0
Harrington Park,2567,855000,550 ,no data,no data,890000,917500,-3.0,0,0,0.0
Harris Park,2150,no data,385 ,488450,400 ,0,1100000,-100.0,488450,495000,-1.32
Hassall Grove,2761,646000,405 ,no data,318 ,655000,660000,-0.76,0,0,0.0
Hawkesbury Heights,2777,no data,no data,no data,no data,625625,745000,-16.02,0,0,0.0
Haymarket,2000,no data,no data,1140000,840 ,0,0,0.0,1030000,976000,5.53
Hazelbrook,2779,621250,420 ,no data,no data,615000,625000,-1.6,0,468000,-100.0
Heathcote,2233,950000,650 ,668750,523 ,955000,989000,-3.44,720000,795000,-9.43
Hebersham,2770,547500,350 ,no data,350 ,555000,562505,-1.33,0,0,0.0
Heckenberg,2168,665000,400 ,no data,no data,665000,648000,2.62,0,0,0.0
Helensburgh,2508,870000,600 ,656000,520 ,870000,915500,-4.97,660000,700000,-5.71
Henley,2111,no data,no data,no data,no data,3200000,3850000,-16.88,850000,0,0.0
Highfields,2289,650000,450 ,no data,no data,650000,730000,-10.96,487500,0,0.0
Hillsdale,2036,no data,620 ,620000,470 ,1356500,875000,55.03,630000,700000,-10.0
Hinchinbrook,2168,670000,450 ,no data,400 ,700000,750000,-6.67,625000,619750,0.85
Hobartville,2753,652500,450 ,no data,no data,650000,649500,0.08,547500,0,0.0
Holmesville,2286,495000,420 ,no data,no data,507500,430000,18.02,0,0,0.0
Holroyd,2142,no data,no data,536000,465 ,872000,700000,24.57,536000,545000,-1.65
Holsworthy,2173,821250,500 ,no data,520 ,824250,830000,-0.69,716500,718500,-0.28
Homebush,2140,695000,500 ,648000,520 ,699000,1767500,-60.45,645000,680000,-5.15
Horningsea Park,2171,741250,520 ,no data,no data,741250,806250,-8.06,0,0,0.0
Hornsby,2077,1121000,590 ,652250,465 ,1120080,1322500,-15.31,652000,680000,-4.12
Horsley,2530,654500,515 ,no data,no data,665000,668000,-0.45,500000,507500,-1.48
Hoxton Park,2171,750000,470 ,no data,no data,760000,748000,1.6,0,657500,-100.0
Hunters Hill,2110,2900000,900 ,1200000,550 ,2875000,2850000,0.88,1235000,880000,40.34
Huntleys Cove,2111,no data,no data,no data,750 ,2150000,1890000,13.76,1260000,1310000,-3.82
Huntleys Point,2111,no data,no data,no data,no data,0,0,0.0,0,0,0.0
Hurlstone Park,2193,1350000,650 ,715000,430 ,1350000,1500000,-10.0,689500,820000,-15.91
Hurstville,2220,1439000,570 ,700000,530 ,1407750,1600000,-12.02,708000,717000,-1.26
Illawong,2234,1282500,725 ,no data,550 ,1290000,1345000,-4.09,865000,895000,-3.35
Ingleburn,2565,678000,400 ,480000,370 ,679950,689000,-1.31,482000,475550,1.36
Ingleside,2101,no data,"1,248 ",no data,no data,2300000,2885000,-20.28,0,0,0.0
Islington,2296,615000,435 ,619000,400 ,615000,675000,-8.89,608000,628500,-3.26
Jamberoo,2533,827500,495 ,no data,no data,830000,830000,0.0,0,0,0.0
Jannali,2226,1017000,590 ,614000,430 ,1021000,1120000,-8.84,614000,610000,0.66
Jesmond,2299,485000,369 ,330000,330 ,472500,485000,-2.58,330000,360000,-8.33
Jewells,2280,652500,503 ,no data,no data,655000,647500,1.16,0,0,0.0
Kahibah,2290,679000,420 ,565500,420 ,669500,624975,7.12,565500,582000,-2.84
Kanahooka,2530,630000,475 ,no data,380 ,649000,620000,4.68,606000,550000,10.18
Kangaroo Point,2224,no data,no data,no data,no data,3800000,3010000,26.25,0,0,0.0
Kangaroo Valley,2577,no data,no data,no data,no data,1210000,1130000,7.08,0,0,0.0
Kangy Angy,2258,no data,no data,no data,no data,0,0,0.0,0,0,0.0
Kanwal,2259,495000,395 ,no data,no data,500000,485000,3.09,0,390000,-100.0
Kareela,2232,1086000,785 ,no data,no data,1100000,1190000,-7.56,0,0,0.0
Kariong,2250,677500,485 ,527500,no data,677750,680000,-0.33,527500,512500,2.93
Katoomba,2780,586500,418 ,465000,325 ,590000,600000,-1.67,425000,423750,0.29
Kearns,2558,650000,450 ,no data,no data,650000,650000,0.0,0,0,0.0
Keiraville,2500,845000,525 ,570000,370 ,845000,850000,-0.59,545000,540000,0.93
Kellyville,2155,1100000,650 ,700000,530 ,1120000,1230000,-8.94,705000,744000,-5.24
Kellyville Ridge,2155,945000,600 ,600000,473 ,950000,1017000,-6.59,608000,617500,-1.54
Kensington,2033,2937500,"1,000 ",880000,580 ,2900000,2765000,4.88,880000,977500,-9.97
Kenthurst,2156,2200000,550 ,no data,no data,2280000,2650000,-13.96,0,0,0.0
Kentlyn,2560,no data,no data,no data,no data,1530000,1480000,3.38,0,0,0.0
Kiama,2533,920000,550 ,608000,490 ,925000,876250,5.56,615000,629000,-2.23
Killara,2071,2375000,"1,150 ",945000,600 ,2541500,2900000,-12.36,980000,985000,-0.51
Killarney Heights,2087,1615000,895 ,no data,658 ,1580000,1900000,-16.84,0,860000,-100.0
Killarney Vale,2261,590000,420 ,no data,325 ,595000,600000,-0.83,500000,535000,-6.54
Killcare,2257,1375000,no data,no data,no data,1200000,1130500,6.15,785000,0,0.0
Kincumber,2251,702625,480 ,550000,350 ,700000,738500,-5.21,540000,473500,14.04
Kings Langley,2147,883750,520 ,no data,410 ,895000,945000,-5.29,715000,789000,-9.38
Kings Park,2148,740000,450 ,no data,no data,750000,785000,-4.46,680000,613000,10.93
Kingsford,2032,2017500,880 ,752500,550 ,2017500,2260000,-10.73,815000,845000,-3.55
Kingsgrove,2208,1192500,635 ,694500,435 ,1198000,1350000,-11.26,687500,727500,-5.5
Kirrawee,2232,1081000,678 ,680000,530 ,1100000,1222500,-10.02,682500,695000,-1.8
Kirribilli,2061,no data,"1,200 ",1527500,600 ,2890000,2800000,3.21,1605000,1210000,32.64
Kogarah,2217,1202500,600 ,622500,490 ,1202500,1532500,-21.53,633000,670000,-5.52
Kogarah Bay,2217,1571000,695 ,no data,no data,1550000,1492000,3.89,0,0,0.0
Koolewong,2256,815000,450 ,no data,290 ,890000,822000,8.27,0,0,0.0
Koonawarra,2530,517500,430 ,no data,no data,519000,510000,1.76,550000,0,0.0
Kotara,2289,620000,460 ,no data,370 ,620000,619000,0.16,448000,420000,6.67
Kurmond,2757,no data,635 ,no data,no data,845000,827500,2.11,0,0,0.0
Kurnell,2231,1172500,700 ,no data,410 ,1247500,1206000,3.44,0,0,0.0
Kurrajong,2758,1170000,455 ,no data,no data,1150000,900000,27.78,370000,0,0.0
Kyeemagh,2216,no data,700 ,no data,no data,1215000,1585000,-23.34,1260000,0,0.0
Kyle Bay,2221,no data,750 ,no data,no data,1725000,2844866,-39.36,0,0,0.0
La Perouse,2036,no data,no data,no data,no data,0,0,0.0,0,0,0.0
Lake Haven,2263,512500,390 ,no data,no data,525000,505000,3.96,450000,407500,10.43
Lake Heights,2502,550000,450 ,no data,305 ,550000,566500,-2.91,530000,440000,20.45
Lake Illawarra,2528,545000,400 ,515000,350 ,557500,575000,-3.04,512500,515000,-0.49
Lake Munmorah,2259,521425,400 ,no data,315 ,521425,482500,8.07,287750,410000,-29.82
Lakelands,2282,790000,no data,no data,no data,788000,765000,3.01,0,411000,-100.0
Lakemba,2195,880000,520 ,405000,370 ,880000,956000,-7.95,408500,430000,-5.0
Lalor Park,2147,645000,400 ,no data,340 ,650000,700000,-7.14,0,0,0.0
Lambton,2299,680000,443 ,455000,310 ,685000,620000,10.48,456000,431000,5.8
Lane Cove,2066,2115000,828 ,815000,540 ,2115000,2331000,-9.27,815000,870000,-6.32
Lane Cove West,2066,1802500,965 ,no data,no data,1830000,2250000,-18.67,773750,856000,-9.61
Lansvale,2166,712500,500 ,no data,no data,712500,755500,-5.69,0,0,0.0
Lapstone,2773,no data,500 ,no data,no data,810000,891000,-9.09,0,0,0.0
Lavender Bay,2060,no data,no data,800000,565 ,0,9900000,-100.0,800000,2450000,-67.35
Lawson,2783,560000,420 ,no data,no data,560000,590000,-5.08,0,0,0.0
Leichhardt,2040,1325000,765 ,900000,570 ,1330000,1550000,-14.19,900000,1062500,-15.29
Leonay,2750,798500,550 ,no data,no data,798500,829000,-3.68,0,0,0.0
Lethbridge Park,2770,497500,325 ,no data,300 ,505000,525000,-3.81,0,0,0.0
Leumeah,2560,620000,390 ,410000,340 ,626500,628750,-0.36,425000,425000,0.0
Leura,2780,840000,460 ,580000,393 ,842500,765000,10.13,565000,505000,11.88
Lewisham,2049,1330000,780 ,730000,520 ,1330000,1432500,-7.16,730000,827000,-11.73
Lidcombe,2141,1054000,563 ,636000,530 ,1100000,1225000,-10.2,647000,710000,-8.87
Lilyfield,2040,1800000,820 ,1000000,495 ,1800000,1667500,7.95,848000,439000,93.17
Linden,2778,no data,no data,no data,no data,590000,645000,-8.53,0,0,0.0
Lindfield,2070,2289000,"1,000 ",1075800,630 ,2310000,2745000,-15.85,1085000,987500,9.87
Linley Point,2066,no data,"1,375 ",no data,no data,5280000,3160000,67.09,0,0,0.0
Lisarow,2250,790000,450 ,499500,no data,790000,756750,4.39,499500,507000,-1.48
Little Bay,2036,1794000,"1,000 ",1035500,650 ,1794000,1815000,-1.16,1025000,1177500,-12.95
Liverpool,2170,765000,420 ,420000,390 ,763500,820000,-6.89,429000,465000,-7.74
Llandilo,2747,715000,530 ,no data,no data,719990,726000,-0.83,0,0,0.0
Loftus,2232,1030000,650 ,no data,550 ,1020000,1130000,-9.73,807500,805000,0.31
Londonderry,2753,1080000,500 ,no data,no data,1030000,950000,8.42,0,0,0.0
Long Jetty,2261,700000,400 ,445000,350 ,700000,710000,-1.41,445000,442500,0.56
Long Point,2564,no data,no data,no data,no data,0,0,0.0,0,0,0.0
Longueville,2066,4025000,"1,150 ",no data,no data,4025000,4855000,-17.1,5555000,0,0.0
Lower Portland,2756,926500,no data,no data,no data,988250,780000,26.7,0,0,0.0
Luddenham,2745,1155000,525 ,no data,no data,903000,1535500,-41.19,0,0,0.0
Lugarno,2210,1275000,600 ,1140000,no data,1290000,1270000,1.57,1140000,1050000,8.57
Lurnea,2170,682500,428 ,520000,390 ,691000,715000,-3.36,520000,540000,-3.7
Macquarie Fields,2564,620000,400 ,465000,350 ,620000,662100,-6.36,460000,468500,-1.81
Macquarie Park,2113,no data,no data,900000,500 ,0,19275000,-100.0,895000,750000,19.33
Maianbar,2230,no data,no data,no data,no data,1080000,1150000,-6.09,0,0,0.0
Malabar,2036,2105000,993 ,no data,540 ,2160000,2350000,-8.09,0,817444,-100.0
Mangerton,2500,810000,550 ,416000,330 ,825000,850000,-2.94,413500,600000,-31.08
Mangrove Mountain,2250,no data,no data,no data,no data,1650000,1307500,26.2,0,0,0.0
Manly,2095,3001000,"1,425 ",1362500,750 ,2995500,3205000,-6.54,1350000,1447500,-6.74
Manly Vale,2093,1760000,925 ,815000,560 ,1765000,1765000,0.0,805000,850500,-5.35
Mannering Park,2259,491875,390 ,no data,no data,494375,463000,6.78,0,0,0.0
Maraylya,2765,no data,no data,no data,no data,2000000,1900000,5.26,0,0,0.0
Marayong,2148,679500,400 ,no data,320 ,680000,720000,-5.56,332000,615000,-46.02
Marks Point,2280,519000,395 ,no data,320 ,586250,698000,-16.01,395000,380000,3.95
Marmong Point,2284,545000,no data,no data,no data,558000,570000,-2.11,0,282000,-100.0
Maroota,2756,no data,no data,no data,no data,1200000,1550000,-22.58,0,0,0.0
Maroubra,2035,1890000,900 ,850000,600 ,1905000,2021000,-5.74,850000,920000,-7.61
Marrickville,2204,1300000,700 ,712000,480 ,1300000,1462500,-11.11,720000,740000,-2.7
Marsden Park,2765,810000,560 ,no data,455 ,841250,845000,-0.44,350000,0,0.0
Marsfield,2122,1502500,675 ,766000,500 ,1580000,1780000,-11.24,778500,827000,-5.86
Mascot,2020,1300000,750 ,830000,700 ,1286500,1400000,-8.11,837500,960000,-12.76
Matcham,2250,1875000,no data,no data,no data,2000000,1705000,17.3,2600000,1930000,34.72
Matraville,2036,1600000,975 ,824000,550 ,1620000,1810000,-10.5,835000,780000,7.05
Mays Hill,2145,590000,530 ,no data,480 ,593850,632750,-6.15,615000,592500,3.8
Meadowbank,2114,no data,no data,645000,470 ,0,0,0.0,650000,645000,0.78
Melrose Park,2114,no data,650 ,no data,no data,1395000,1680000,-16.96,0,1110000,-100.0
Menai,2234,1020000,678 ,723000,560 ,1020000,1060000,-3.77,750000,792500,-5.36
Menangle,2568,no data,no data,no data,no data,1270000,985000,28.93,0,0,0.0
Menangle Park,2563,no data,no data,no data,no data,0,0,0.0,0,0,0.0
Merewether,2291,1300000,573 ,605000,400 ,1300000,1385000,-6.14,615000,631300,-2.58
Merewether Heights,2291,1012500,718 ,no data,no data,1020000,964000,5.81,0,0,0.0
Merrylands,2160,815000,500 ,500000,400 ,815000,899500,-9.39,500000,510000,-1.96
Merrylands West,2160,790000,593 ,477500,400 ,790000,850000,-7.06,460550,468001,-1.59
Middle Cove,2068,1850000,"1,220 ",no data,no data,1850000,2000000,-7.5,0,0,0.0
Miller,2168,675000,410 ,no data,no data,671250,680000,-1.29,0,0,0.0
Millers Point,2000,5360000,"1,100 ",1850000,760 ,5300000,4902000,8.12,1810000,1160000,56.03
Milperra,2214,875000,590 ,no data,no data,871000,899000,-3.11,0,0,0.0
Milsons Point,2061,no data,no data,1570000,785 ,0,0,0.0,1540000,1585000,-2.84
Minchinbury,2770,695000,480 ,no data,418 ,710000,760000,-6.58,460000,558025,-17.57
Minto,2566,630100,420 ,453750,345 ,637750,660250,-3.41,457500,461500,-0.87
Miranda,2228,1128750,690 ,680000,480 ,1160000,1320000,-12.12,680000,700000,-2.86
Mirrabooka,2264,no data,395 ,no data,no data,480000,525000,-8.57,0,0,0.0
Mittagong,2575,705000,500 ,615000,340 ,711750,755000,-5.73,570000,450000,26.67
Mona Vale,2103,1660000,900 ,930000,625 ,1675000,1800000,-6.94,920000,977500,-5.88
Monterey,2217,1470000,643 ,680000,450 ,1540000,1580000,-2.53,667500,840000,-20.54
Mooney Mooney,2083,no data,no data,no data,no data,1130000,752500,50.17,0,0,0.0
Moorebank,2170,875000,590 ,590625,460 ,885000,900000,-1.67,590000,550000,7.27
Morisset,2264,580000,395 ,385000,368 ,550000,532000,3.38,385000,404000,-4.7
Mortdale,2223,1160000,580 ,615000,440 ,1192000,1250000,-4.64,625000,630000,-0.79
Mortlake,2137,no data,813 ,955000,600 ,1375000,2650000,-48.11,1010000,890000,13.48
Mosman,2088,3900000,"1,450 ",1000000,575 ,3762500,3910000,-3.77,1015000,1180000,-13.98
Moss Vale,2577,700000,480 ,507500,350 ,715000,711000,0.56,556000,500000,11.2
Mount Annan,2567,740000,480 ,no data,338 ,745000,740000,0.68,523500,597000,-12.31
Mount Colah,2079,1020000,615 ,no data,450 ,1030000,1160000,-11.21,850000,570000,49.12
Mount Druitt,2770,660000,400 ,405000,340 ,660000,700000,-5.71,410000,432000,-5.09
Mount Hunter,2570,no data,no data,no data,no data,865000,858250,0.79,0,0,0.0
Mount Hutton,2290,501250,423 ,415500,390 ,512100,487000,5.15,422500,410000,3.05
Mount Keira,2500,780000,510 ,no data,300 ,780000,830000,-6.02,0,0,0.0
Mount Lewis,2190,no data,493 ,no data,no data,950000,1281000,-25.84,0,0,0.0
Mount Ousley,2519,825000,535 ,no data,no data,822500,825000,-0.3,600000,0,0.0
Mount Pleasant,2519,930000,600 ,no data,no data,935250,914000,2.32,0,0,0.0
Mount Pritchard,2170,670000,400 ,no data,300 ,660000,698500,-5.51,600000,630000,-4.76
Mount Riverview,2774,670000,500 ,no data,no data,670000,725000,-7.59,0,0,0.0
Mount Saint Thomas,2500,696000,463 ,no data,no data,696000,642500,8.33,620000,690000,-10.14
Mount Victoria,2786,540000,410 ,no data,no data,585000,567500,3.08,0,0,0.0
Mount Warrigal,2528,595000,488 ,no data,no data,615000,600000,2.5,0,0,0.0
Mulgoa,2745,870000,580 ,no data,332 ,852500,939500,-9.26,0,0,0.0
Mulgrave,2756,no data,no data,no data,no data,0,0,0.0,0,0,0.0
Narara,2250,625000,440 ,465000,350 ,621500,620000,0.24,465000,460000,1.09
Narellan,2567,661000,430 ,no data,300 ,663000,670000,-1.04,517500,561250,-7.8
Narellan Vale,2567,665000,460 ,no data,no data,680000,685000,-0.73,0,0,0.0
Naremburn,2065,2052500,820 ,1128000,643 ,2125000,2300000,-7.61,1128000,1161500,-2.88
Narrabeen,2101,2350000,845 ,810000,580 ,2200000,2155000,2.09,830000,925000,-10.27
Narraweena,2099,1410500,795 ,no data,535 ,1400000,1560000,-10.26,1120000,1023000,9.48
Narwee,2209,998000,570 ,565000,400 ,1047474,1051500,-0.38,590000,650000,-9.23
Nelson,2550,no data,no data,no data,no data,0,0,0.0,0,0,0.0
Nelson,2765,no data,no data,no data,no data,0,0,0.0,0,0,0.0
Neutral Bay,2089,2502000,980 ,923500,570 ,2476000,2200000,12.55,950000,1050000,-9.52
New Lambton,2305,740000,440 ,510000,330 ,730000,700000,4.29,510000,405750,25.69
New Lambton Heights,2305,795000,538 ,no data,no data,785000,625000,25.6,0,0,0.0
Newcastle West,2302,no data,no data,615000,470 ,0,690000,-100.0,615000,539975,13.89
Newington,2127,1340000,750 ,718500,540 ,1345000,1370000,-1.82,713500,742000,-3.84
Newport,2106,1850000,900 ,815000,550 ,1850000,1950000,-5.13,830000,810000,2.47
Newtown,2042,1330000,773 ,650000,470 ,1335000,1490000,-10.4,650000,887500,-26.76
Niagara Park,2250,585000,425 ,no data,290 ,592100,608000,-2.62,489000,478000,2.3
Norah Head,2263,950000,435 ,no data,no data,950000,870000,9.2,0,0,0.0
Noraville,2263,575000,398 ,no data,270 ,575250,565000,1.81,0,1185000,-100.0
Nords Wharf,2281,no data,390 ,no data,no data,715000,625000,14.4,0,0,0.0
Normanhurst,2076,1195000,630 ,422500,490 ,1235000,1452500,-14.97,653500,1020000,-35.93
North Avoca,2260,1060500,530 ,no data,450 ,1050000,997500,5.26,1298000,925000,40.32
North Curl Curl,2099,2182500,"1,173 ",no data,525 ,2175000,2435000,-10.68,1218500,1161000,4.95
North Lambton,2299,570000,410 ,no data,260 ,582500,581750,0.13,375000,446000,-15.92
North Manly,2100,1700000,875 ,no data,573 ,1700000,1895000,-10.29,735000,845000,-13.02
North Parramatta,2151,1023500,540 ,567890,420 ,1023500,1395000,-26.63,560000,630000,-11.11
North Richmond,2754,690000,430 ,515000,350 ,745000,710000,4.93,507500,495000,2.53
North Rocks,2151,1179000,580 ,782500,500 ,1188000,1300500,-8.65,760000,853500,-10.95
North Ryde,2113,1460000,700 ,895000,510 ,1460000,1717500,-14.99,937500,945000,-0.79
North Strathfield,2137,1700000,650 ,778500,550 ,1765000,1842500,-4.21,785000,812000,-3.33
North Sydney,2060,2150000,990 ,1030000,610 ,2020000,2700000,-25.19,1020000,950000,7.37
North Turramurra,2074,1710000,875 ,1400000,no data,1800000,1950000,-7.69,1447500,1275000,13.53
Northbridge,2063,3165000,"1,250 ",1015000,643 ,3182500,3492500,-8.88,1034000,975000,6.05
Northmead,2152,1019500,495 ,645000,445 ,1034500,1123750,-7.94,645000,620000,4.03
Northwood,2066,3200000,no data,no data,no data,3210000,2987000,7.47,0,0,0.0
Oakdale,2570,690000,450 ,no data,no data,690000,595000,15.97,0,0,0.0
Oakhurst,2761,645000,425 ,no data,no data,649999,650000,-0.0,568000,607000,-6.43
Oakville,2765,no data,625 ,no data,no data,2000000,2130000,-6.1,0,0,0.0
Oatlands,2117,1490000,550 ,800000,550 ,1500000,1590000,-5.66,802500,895000,-10.34
Oatley,2223,1650000,650 ,825000,480 ,1700000,1750000,-2.86,835000,820000,1.83
Old Guildford,2161,735000,500 ,no data,380 ,712500,908500,-21.57,0,621055,-100.0
Old Toongabbie,2146,840000,480 ,no data,460 ,845000,874500,-3.37,0,620000,-100.0
Orangeville,2570,1397500,no data,no data,no data,1395000,1710000,-18.42,0,0,0.0
Orchard Hills,2748,no data,630 ,no data,no data,1325000,1685000,-21.36,0,0,0.0
Otford,2508,no data,no data,no data,no data,1200000,1102500,8.84,0,0,0.0
Ourimbah,2258,675000,420 ,410000,360 ,722500,703000,2.77,411000,450000,-8.67
Oxford Falls,2100,no data,no data,no data,no data,0,0,0.0,0,0,0.0
Oxley Park,2760,670000,390 ,525000,405 ,682500,642500,6.23,525000,535000,-1.87
Oyster Bay,2225,1200000,700 ,no data,no data,1214500,1380000,-11.99,880000,1066000,-17.45
Paddington,2021,2307500,"1,150 ",915000,500 ,2350000,2245000,4.68,920000,910000,1.1
Padstow,2211,970000,560 ,660000,460 ,975000,1088000,-10.39,660000,745000,-11.41
Pagewood,2035,1630000,815 ,no data,700 ,1625000,1775000,-8.45,875000,1012500,-13.58
Palm Beach,2108,3400000,"1,000 ",no data,no data,3400000,2900000,17.24,1400000,2000000,-30.0
Panania,2213,960000,590 ,no data,400 ,975000,1050000,-7.14,686800,749000,-8.3
Parklea,2768,845000,570 ,no data,470 ,860000,919000,-6.42,571000,570000,0.18
Parramatta,2150,865000,495 ,615000,480 ,865000,1270000,-31.89,620000,650000,-4.62
Patonga,2256,no data,no data,no data,no data,762500,861500,-11.49,0,0,0.0
Peakhurst,2210,993000,598 ,825000,500 ,989000,1200000,-17.58,808000,699000,15.59
Peakhurst Heights,2210,1087500,no data,no data,no data,1087500,1300000,-16.35,0,0,0.0
Pearl Beach,2256,1200000,no data,no data,no data,1205000,1210000,-0.41,0,0,0.0
Peats Ridge,2250,no data,no data,no data,no data,0,0,0.0,0,0,0.0
Pemulwuy,2145,940000,620 ,550000,460 ,940000,980000,-4.08,557500,560100,-0.46
Pendle Hill,2145,836000,480 ,535000,410 ,838000,877500,-4.5,510000,505000,0.99
Pennant Hills,2120,1350000,675 ,982500,460 ,1355000,1587500,-14.65,797500,660000,20.83
Penrith,2750,640000,400 ,480000,380 ,642500,700000,-8.21,478000,450000,6.22
Penshurst,2222,1194000,600 ,557500,435 ,1210000,1395000,-13.26,579500,616000,-5.93
Petersham,2049,1295000,750 ,740000,475 ,1360000,1535000,-11.4,802000,773000,3.75
Pheasants Nest,2574,no data,no data,no data,no data,1300000,1195000,8.79,0,0,0.0
Phegans Bay,2256,no data,520 ,no data,no data,922500,749500,23.08,0,0,0.0
Phillip Bay,2036,no data,no data,no data,no data,1710000,1625000,5.23,0,0,0.0
Picnic Point,2213,1020000,615 ,no data,538 ,1060000,1145000,-7.42,790000,822500,-3.95
Picton,2571,760000,465 ,no data,340 ,730000,760000,-3.95,467500,418000,11.84
Pitt Town,2756,1305000,640 ,no data,no data,1330000,1367500,-2.74,0,0,0.0
Plumpton,2761,659990,440 ,520000,490 ,659990,670000,-1.49,512500,510000,0.49
Point Clare,2250,705000,430 ,no data,375 ,710000,720500,-1.46,495000,471000,5.1
Point Piper,2027,no data,no data,4000000,"1,075 ",0,20000000,-100.0,3050000,4375000,-30.29
Port Hacking,2229,1690000,no data,no data,no data,1755000,1865000,-5.9,0,0,0.0
Potts Point,2011,no data,600 ,787500,550 ,2362500,1750000,35.0,785000,730000,7.53
Prairiewood,2176,836000,485 ,no data,no data,842000,932500,-9.71,0,0,0.0
Prestons,2170,750000,500 ,no data,400 ,760000,800000,-5.0,625500,573000,9.16
Pretty Beach,2257,no data,no data,no data,no data,980000,950000,3.16,0,0,0.0
Primbee,2502,677500,435 ,no data,333 ,675000,650250,3.81,335000,0,0.0
Prospect,2148,750000,440 ,475000,450 ,747000,815000,-8.34,480000,478500,0.31
Punchbowl,2196,860000,550 ,470000,395 ,860000,894400,-3.85,465000,485000,-4.12
Putney,2112,1900000,820 ,no data,no data,1975000,2365500,-16.51,1317300,1400000,-5.91
Pymble,2073,2240000,"1,075 ",820000,600 ,2232500,2250000,-0.78,870000,885000,-1.69
Pyrmont,2009,1575000,773 ,1025000,728 ,1575000,1900000,-17.11,1010000,1021000,-1.08
Quakers Hill,2763,735000,470 ,627500,450 ,740000,793000,-6.68,630000,665000,-5.26
Queens Park,2022,2750000,"1,350 ",925000,688 ,2982500,2507500,18.94,975000,1070500,-8.92
Queenscliff,2096,no data,973 ,982500,668 ,3850000,2570000,49.81,965000,1070000,-9.81
Raby,2566,640000,428 ,no data,no data,635000,650000,-2.31,510000,507500,0.49
Ramsgate,2217,no data,570 ,no data,530 ,1175000,1250000,-6.0,711500,678500,4.86
Ramsgate Beach,2217,no data,600 ,820000,465 ,1430000,1917500,-25.42,810000,755000,7.28
Randwick,2031,2392500,"1,000 ",925000,600 ,2400000,2485000,-3.42,931500,960500,-3.02
Rankin Park,2287,597500,480 ,no data,no data,600000,592000,1.35,0,0,0.0
Rathmines,2283,627500,380 ,no data,no data,620500,576575,7.62,385000,0,0.0
Razorback,2571,no data,no data,no data,no data,1600000,1720000,-6.98,0,0,0.0
Redfern,2016,1350000,750 ,897500,630 ,1350000,1672500,-19.28,900000,967000,-6.93
Redhead,2290,1019500,510 ,no data,no data,1000000,920000,8.7,181000,640000,-71.72
Regents Park,2143,815000,470 ,no data,400 ,835000,920000,-9.24,498000,480000,3.75
Regentville,2745,720000,410 ,no data,no data,720000,787500,-8.57,0,0,0.0
Revesby,2212,987500,580 ,737500,450 ,1007500,1073000,-6.1,754000,780000,-3.33
Rhodes,2138,no data,585 ,900000,640 ,4947100,1762500,180.69,900000,895500,0.5
Richmond,2753,727500,425 ,470000,350 ,725000,753000,-3.72,470000,467500,0.53
Riverstone,2765,754000,500 ,no data,305 ,756250,808000,-6.4,592500,680000,-12.87
Riverview,2066,2500000,900 ,no data,no data,2487500,2640000,-5.78,0,0,0.0
Riverwood,2210,995000,550 ,600000,493 ,1000000,1100000,-9.09,600500,634000,-5.28
Rockdale,2216,1100000,620 ,645000,530 ,1100000,1352500,-18.67,645500,665000,-2.93
Rodd Point,2046,2185000,785 ,no data,no data,2395000,2350000,1.91,0,0,0.0
Rooty Hill,2766,650000,430 ,575000,440 ,660000,701500,-5.92,597000,592500,0.76
Rose Bay,2029,3612500,"1,400 ",1227500,675 ,3612500,4300000,-15.99,1250000,1260000,-0.79
Rosebery,2018,1575000,850 ,768075,650 ,1600000,1533000,4.37,773000,836000,-7.54
Rosehill,2142,no data,490 ,423000,420 ,2483333,1027500,141.69,486000,562500,-13.6
Roselands,2196,950000,550 ,550000,410 ,951000,1131875,-15.98,579000,505000,14.65
Rosemeadow,2560,576000,400 ,495000,320 ,587500,595000,-1.26,500000,517500,-3.38
Roseville,2069,2875000,950 ,1000000,610 ,2850000,2940000,-3.06,1000000,989000,1.11
Rouse Hill,2155,1137500,600 ,no data,540 ,1160000,1145000,1.31,691000,790000,-12.53
Rozelle,2039,1585000,810 ,1303000,650 ,1592500,1640000,-2.9,1361250,1150000,18.37
Ruse,2560,601000,435 ,no data,no data,604541,629500,-3.96,0,512750,-100.0
Rushcutters Bay,2011,no data,no data,839500,600 ,3417500,0,0.0,762000,707000,7.78
Russell Lea,2046,1845000,820 ,795000,540 ,1850000,2260000,-18.14,805000,891000,-9.65
Russell Vale,2517,846000,530 ,no data,350 ,846000,765000,10.59,590000,600000,-1.67
Rydalmere,2116,1140000,500 ,730750,450 ,1210000,1205000,0.41,730750,670000,9.07
Ryde,2112,1425000,673 ,650000,510 ,1480000,1685000,-12.17,660000,665000,-0.75
Sadleir,2168,650000,400 ,no data,no data,650000,645000,0.78,0,0,0.0
San Remo,2262,457500,373 ,no data,315 ,460000,452500,1.66,0,0,0.0
Sandringham,2219,2325000,640 ,870000,510 ,2235000,1947500,14.76,870000,870000,0.0
Sans Souci,2219,1446250,630 ,785500,470 ,1490000,1500000,-0.67,790000,826000,-4.36
Saratoga,2251,827500,500 ,no data,no data,803000,743000,8.08,682500,0,0.0
Scarborough,2515,no data,no data,no data,no data,1100000,1575000,-30.16,0,0,0.0
Schofields,2762,844000,560 ,no data,500 ,846000,860000,-1.63,697500,656000,6.33
Scotland Island,2105,1190000,no data,no data,no data,1100000,925000,18.92,0,0,0.0
Seaforth,2092,2825000,"1,250 ",1550000,738 ,2605000,2700000,-3.52,1560000,1603000,-2.68
Sefton,2162,820000,520 ,560000,400 ,842250,867000,-2.85,560000,470000,19.15
Seven Hills,2147,745000,420 ,650000,400 ,751500,790000,-4.87,645000,665000,-3.01
Shalvey,2770,527500,350 ,no data,no data,527500,530000,-0.47,0,0,0.0
Shanes Park,2747,no data,no data,no data,no data,0,0,0.0,0,0,0.0
Shelly Beach,2261,922000,475 ,no data,no data,946000,765000,23.66,597500,0,0.0
Silverdale,2752,845000,525 ,no data,no data,845000,940000,-10.11,0,0,0.0
Silverwater,2128,740000,430 ,530000,450 ,760000,1062500,-28.47,530000,638000,-16.93
Silverwater,2264,no data,no data,no data,no data,0,0,0.0,0,0,0.0
Smithfield,2164,725000,450 ,600500,380 ,737500,770000,-4.22,610000,581000,4.99
Somersby,2250,1462500,650 ,no data,no data,1405000,1300000,8.08,800000,0,0.0
South Hurstville,2221,1240000,590 ,650000,490 ,1245000,1335000,-6.74,670000,806250,-16.9
South Turramurra,2074,1540000,no data,no data,no data,1550000,1760000,-11.93,0,0,0.0
Speers Point,2284,680000,445 ,no data,348 ,710000,650000,9.23,414250,545000,-23.99
Spencer,2775,367500,no data,no data,no data,385000,380000,1.32,0,0,0.0
Springfield,2250,682500,485 ,no data,290 ,685000,650000,5.38,448750,495000,-9.34
Springwood,2777,680000,470 ,495500,350 ,680000,667500,1.87,450000,582500,-22.75
St Albans,2775,no data,no data,no data,no data,0,0,0.0,0,0,0.0
St Andrews,2566,615000,400 ,no data,no data,620000,645000,-3.88,0,430000,-100.0
St Clair,2330,no data,no data,no data,no data,0,0,0.0,0,0,0.0
St Clair,2759,690000,450 ,no data,343 ,692000,720000,-3.89,625000,677500,-7.75
St Helens Park,2560,582500,400 ,no data,no data,580000,593000,-2.19,425000,484500,-12.28
St Huberts Island,2257,1245000,648 ,no data,no data,1245000,1250000,-0.4,0,0,0.0
St Ives,2075,1930000,"1,025 ",935000,630 ,1959000,2077500,-5.7,937500,995000,-5.78
St Johns Park,2176,776500,475 ,no data,no data,793000,832500,-4.74,650000,0,0.0
St Leonards,2065,5338380,850 ,975000,630 ,5421262,6541666,-17.13,988000,900000,9.78
St Marys,2760,617500,370 ,445000,370 ,615500,660000,-6.74,450000,504250,-10.76
St Peters,2044,1215000,785 ,700000,595 ,1215000,1200000,1.25,755000,780000,-3.21
Stanhope Gardens,2768,912500,588 ,no data,445 ,920000,945000,-2.65,725000,0,0.0
Stanmore,2048,1550000,860 ,732500,485 ,1562500,1725000,-9.42,720000,730000,-1.37
Stanwell Park,2508,no data,720 ,no data,450 ,1360000,1550000,-12.26,987500,0,0.0
Stanwell Tops,2508,no data,no data,no data,no data,1095000,1060000,3.3,0,0,0.0
Strathfield,2135,2330000,700 ,700000,530 ,2407500,2360000,2.01,700000,740000,-5.41
Strathfield South,2136,1240000,675 ,538000,500 ,1268888,1586500,-20.02,595000,655000,-9.16
Summer Hill,2130,1450000,698 ,760000,490 ,1450000,1625000,-10.77,770000,730000,5.48
Surry Hills,2010,1625000,850 ,880000,620 ,1657500,1680000,-1.34,933500,868000,7.55
Sutherland,2232,992500,550 ,630000,470 ,1021000,1183500,-13.73,637000,668350,-4.69
Swansea,2281,590000,370 ,437350,320 ,585000,575750,1.61,430000,390000,10.26
Sydenham,2044,1172500,655 ,no data,480 ,1172500,1200000,-2.29,0,0,0.0
Sydney,2000,no data,900 ,950000,790 ,0,0,0.0,1001250,1082500,-7.51
Sylvania,2224,1200000,700 ,927000,495 ,1240000,1415000,-12.37,917000,865000,6.01
Sylvania Waters,2224,1880000,950 ,no data,520 ,2260500,2227500,1.48,665000,649000,2.47
Tahmoor,2573,605000,423 ,no data,360 ,612000,630000,-2.86,402000,397500,1.13
Tamarama,2026,no data,"2,075 ",1270000,850 ,6250000,4775000,30.89,1325000,1751500,-24.35
Taren Point,2229,1650000,700 ,no data,no data,1650000,1455000,13.4,633500,1007500,-37.12
Tarrawanna,2518,804000,525 ,no data,no data,805000,830000,-3.01,720000,771500,-6.68
Tascott,2250,664500,450 ,no data,no data,665000,732500,-9.22,0,0,0.0
Telopea,2117,1287000,550 ,673000,420 ,1286999,1390000,-7.41,673000,660000,1.97
Tempe,2044,1155000,650 ,no data,400 ,1175000,1222500,-3.89,1270000,939000,35.25
Tennyson,2754,no data,no data,no data,no data,0,0,0.0,0,0,0.0
Tennyson Point,2111,2521000,"1,000 ",no data,no data,2493750,2815000,-11.41,0,1205000,-100.0
Teralba,2284,525500,473 ,no data,no data,510000,460000,10.87,375500,0,0.0
Terrey Hills,2084,1564000,949 ,no data,no data,1594000,1600000,-0.38,0,0,0.0
Terrigal,2260,937500,560 ,700000,500 ,950000,925500,2.65,715000,800000,-10.62
The Entrance,2261,635000,380 ,457500,370 ,635000,673000,-5.65,450000,475000,-5.26
The Hill,2300,no data,600 ,465000,380 ,1630000,1437500,13.39,463000,495000,-6.46
The Junction,2291,no data,475 ,no data,385 ,1555000,1250000,24.4,790000,544000,45.22
The Oaks,2570,715000,400 ,no data,no data,785000,760000,3.29,1200000,0,0.0
The Rocks,2000,no data,no data,no data,900 ,0,1850000,-100.0,1215000,1700000,-28.53
The Rocks,2795,no data,no data,no data,no data,0,0,0.0,0,0,0.0
Thirlmere,2572,635000,440 ,no data,no data,664000,695000,-4.46,490000,0,0.0
Thirroul,2515,1118750,660 ,815000,490 ,1157500,1150000,0.65,850000,870000,-2.3
Thornleigh,2120,1230000,585 ,750000,500 ,1225000,1320000,-7.2,755000,755000,0.0
Tingira Heights,2290,530500,460 ,no data,no data,540500,530000,1.98,411500,0,0.0
Toongabbie,2146,800000,450 ,547500,450 ,800000,860000,-6.98,550000,568500,-3.25
Toowoon Bay,2261,no data,420 ,no data,350 ,1100000,955000,15.18,507500,573500,-11.51
Toronto,2283,453750,373 ,432500,365 ,455000,435000,4.6,440000,500000,-12.0
Toukley,2263,520000,360 ,380000,290 ,521000,525000,-0.76,377500,410000,-7.93
Towradgi,2518,910000,520 ,no data,350 ,910000,847500,7.37,600000,578000,3.81
Tregear,2770,492500,330 ,no data,no data,500000,515000,-2.91,320000,0,0.0
Tuggerah,2259,no data,380 ,no data,230 ,600000,530000,13.21,426000,389750,9.3
Tuggerawong,2259,582000,380 ,no data,no data,600000,611000,-1.8,0,0,0.0
Tumbi Umbi,2261,687500,450 ,no data,no data,699125,675000,3.57,485000,440000,10.23
Turramurra,2074,1967500,850 ,842500,553 ,1967500,1990000,-1.13,862750,836000,3.2
Turrella,2205,no data,600 ,698000,550 ,1020000,1277500,-20.16,695500,725000,-4.07
Ultimo,2007,no data,760 ,708000,600 ,1520000,1500000,1.33,710000,790000,-10.13
Umina Beach,2257,745000,420 ,572000,350 ,744500,740000,0.61,577500,600000,-3.75
Unanderra,2526,565000,423 ,no data,370 ,582500,600000,-2.92,560000,520000,7.69
Valentine,2280,775000,510 ,540000,390 ,757500,730750,3.66,532500,500000,6.5
Valley Heights,2777,635000,430 ,no data,no data,677500,702500,-3.56,0,514000,-100.0
Vaucluse,2030,5805000,"2,000 ",1280000,700 ,5280000,5250000,0.57,1280000,1282500,-0.19
Villawood,2163,715000,450 ,no data,350 ,720000,787500,-8.57,0,525000,-100.0
Vineyard,2765,no data,600 ,no data,no data,1375000,1201000,14.49,197500,182000,8.52
Wahroonga,2076,1850000,885 ,783000,550 ,1875000,2150000,-12.79,807500,820000,-1.52
Waitara,2077,no data,580 ,678000,500 ,1060000,1500000,-29.33,680000,720000,-5.56
Wakeley,2176,781250,465 ,no data,no data,803750,825000,-2.58,615000,585000,5.13
Wallacia,2745,750000,450 ,no data,no data,740000,704000,5.11,275000,271000,1.48
Wallsend,2287,503000,400 ,400000,363 ,503500,485000,3.81,400000,405000,-1.23
Wamberal,2260,1120000,575 ,1040000,410 ,1100000,1012500,8.64,1040000,700000,48.57
Wangi Wangi,2267,670000,400 ,no data,no data,695000,541955,28.24,0,337500,-100.0
Waratah,2298,585000,420 ,395500,285 ,601000,600000,0.17,381000,385000,-1.04
Wareemba,2046,1900000,800 ,no data,550 ,1900000,1935000,-1.81,951250,1070000,-11.1
Warilla,2528,540500,423 ,no data,330 ,560000,535500,4.58,480000,480000,0.0
Warners Bay,2282,640000,420 ,535000,435 ,650000,612500,6.12,560000,534000,4.87
Warragamba,2752,527500,385 ,no data,no data,527500,490000,7.65,0,0,0.0
Warrawee,2074,2980000,"1,225 ",798500,593 ,2900000,2800000,3.57,798500,810000,-1.42
Warrawong,2502,533000,400 ,no data,285 ,533000,520000,2.5,348750,373500,-6.63
Warriewood,2102,1515000,925 ,1030000,720 ,1565000,1650000,-5.15,1050000,1070000,-1.87
Warrimoo,2774,655000,420 ,no data,no data,655000,706250,-7.26,0,0,0.0
Warwick Farm,2170,no data,400 ,438000,360 ,640000,750000,-14.67,438000,427750,2.4
Watanobbi,2259,496250,400 ,no data,328 ,502000,490000,2.45,423000,385000,9.87
Waterfall,2233,no data,no data,no data,no data,822500,925000,-11.08,0,0,0.0
Waterloo,2017,1210000,715 ,770000,700 ,1225000,1255000,-2.39,783000,869992,-10.0
Watsons Bay,2030,no data,"2,800 ",no data,625 ,4065000,3600000,12.92,2100000,2427500,-13.49
Wattle Grove,2173,789750,525 ,no data,no data,800000,842000,-4.99,639000,702500,-9.04
Waverley,2024,2250000,"1,200 ",995000,625 ,2367500,2395000,-1.15,997500,887500,12.39
Waverton,2060,2681360,950 ,1075000,650 ,2681361,2290000,17.09,1075000,1260000,-14.68
Wedderburn,2560,no data,no data,no data,no data,1445000,1295000,11.58,0,0,0.0
Wendoree Park,2250,no data,no data,no data,no data,0,0,0.0,0,0,0.0
Wentworth Falls,2782,688500,450 ,no data,no data,702500,690000,1.81,610000,680000,-10.29
Wentworthville,2145,925000,480 ,590000,440 ,930000,1030000,-9.71,590000,595000,-0.84
Werombi,2570,no data,no data,no data,no data,1470000,1250000,17.6,0,0,0.0
Werri Beach,2534,1187500,no data,no data,no data,1150000,1165000,-1.29,0,0,0.0
Werrington,2747,588000,430 ,456000,330 ,605000,666000,-9.16,470000,445000,5.62
Werrington County,2747,647500,410 ,no data,no data,648250,670000,-3.25,0,0,0.0
Werrington Downs,2747,660000,450 ,no data,no data,661000,655000,0.92,0,0,0.0
West Hoxton,2171,810000,550 ,no data,no data,810000,848750,-4.57,580000,0,0.0
West Pennant Hills,2125,1677500,670 ,1020000,400 ,1652500,1740000,-5.03,1015000,1100000,-7.73
West Pymble,2073,1642500,850 ,no data,no data,1657500,1850000,-10.41,0,0,0.0
West Ryde,2114,1433750,600 ,600500,400 ,1465000,1746000,-16.09,628500,680000,-7.57
West Wallsend,2286,527000,450 ,no data,no data,534500,461549,15.81,0,0,0.0
Westleigh,2120,1240000,710 ,no data,no data,1250000,1400000,-10.71,0,0,0.0
Westmead,2145,957500,480 ,560000,460 ,955000,1420000,-32.75,575000,575000,0.0
Wetherill Park,2164,780000,460 ,no data,480 ,785000,893000,-12.09,617500,589500,4.75
Whalan,2770,488000,340 ,no data,310 ,500000,550000,-9.09,0,0,0.0
Whale Beach,2107,no data,900 ,no data,no data,5300000,3200000,65.62,0,0,0.0
Wheeler Heights,2097,1403000,895 ,no data,433 ,1420000,1575000,-9.84,0,0,0.0
Whitebridge,2290,865000,440 ,no data,380 ,850000,692500,22.74,535000,510000,4.9
Wickham,2293,620000,450 ,604175,480 ,647500,777500,-16.72,611675,522650,17.03
Wilberforce,2756,812500,475 ,no data,no data,815000,862500,-5.51,0,0,0.0
Wiley Park,2195,655000,500 ,444500,360 ,666000,905000,-26.41,444500,429000,3.61
Willmot,2770,462500,320 ,no data,no data,485000,504000,-3.77,0,0,0.0
Willoughby,2068,2150000,950 ,872500,550 ,2125000,2342500,-9.28,887500,867500,2.31
Wilton,2571,935000,593 ,no data,no data,915000,850000,7.65,0,0,0.0
Windale,2306,385250,350 ,no data,no data,381500,380000,0.39,0,0,0.0
Windang,2528,780000,493 ,no data,340 ,800000,780000,2.56,450500,500000,-9.9
Windsor,2756,665000,430 ,no data,345 ,650000,642500,1.17,425000,0,0.0
Winmalee,2777,655000,470 ,no data,no data,667500,657500,1.52,0,0,0.0
Winston Hills,2153,950500,550 ,no data,no data,963000,1100000,-12.45,305715,378770,-19.29
Wisemans Ferry,2775,no data,no data,no data,no data,0,0,0.0,0,0,0.0
Wolli Creek,2205,865000,no data,690000,620 ,852500,875150,-2.59,708500,775000,-8.58
Wollongong,2500,795000,500 ,585500,420 ,867500,890000,-2.53,585000,587500,-0.43
Wollstonecraft,2065,2800000,no data,999999,610 ,2725000,2617500,4.11,997499,1077500,-7.42
Wombarra,2515,1727500,700 ,no data,no data,1773750,1430000,24.04,0,0,0.0
Woodbine,2560,613500,400 ,no data,no data,613500,651000,-5.76,0,0,0.0
Woodcroft,2767,700000,480 ,no data,530 ,702500,650000,8.08,595000,0,0.0
Woodrising,2284,448000,385 ,no data,no data,450000,426250,5.57,0,0,0.0
Woollahra,2025,3200000,"1,400 ",1217000,685 ,3300000,3300000,0.0,1217000,1475000,-17.49
Woolloomooloo,2011,no data,800 ,1015000,650 ,1375000,1396500,-1.54,1020000,1185000,-13.92
Woolooware,2230,1702500,830 ,730000,550 ,1725000,1785000,-3.36,730000,703000,3.84
Woolwich,2110,no data,no data,no data,no data,4242500,5850000,-27.48,778500,1012000,-23.07
Woonona,2517,880000,550 ,661000,420 ,867500,920000,-5.71,663250,630000,5.28
Woronora,2232,1000000,650 ,no data,no data,980000,1300000,-24.62,790500,0,0.0
Woronora Heights,2233,1100000,750 ,no data,no data,1150000,1232500,-6.69,0,682500,-100.0
Woy Woy,2256,675000,420 ,520000,350 ,675000,685500,-1.53,532500,555000,-4.05
Wyoming,2250,598000,410 ,415500,340 ,613000,610000,0.49,445000,417500,6.59
Wyong,2259,545000,400 ,386000,330 ,550000,560000,-1.79,382000,350000,9.14
Wyongah,2259,495000,395 ,no data,no data,500000,516000,-3.1,0,389000,-100.0
Yagoona,2199,840000,500 ,549500,430 ,840000,891500,-5.78,547500,540000,1.39
Yarramundi,2753,no data,no data,no data,no data,1220000,1235000,-1.21,0,0,0.0
Yarrawarrah,2233,942000,no data,no data,no data,942000,1112500,-15.33,850000,0,0.0
Yattalunga,2251,no data,no data,no data,no data,778000,638750,21.8,0,0,0.0
Yellow Rock,2777,815000,no data,no data,no data,665000,660000,0.76,0,0,0.0
Yennora,2161,no data,420 ,no data,no data,840000,820000,2.44,0,0,0.0
Yerrinbool,2575,650000,no data,no data,no data,670000,630000,6.35,0,0,0.0
Yowie Bay,2228,1550000,850 ,no data,no data,1625500,1887500,-13.88,1120000,1720000,-34.88
Zetland,2017,1380000,850 ,905000,750 ,1380000,1510000,-8.61,900000,955000,-5.76
